{
  "project_info": {
    "project_number": "646543561285",
    "project_id": "hrapp-f1e65",
    "storage_bucket": "hrapp-f1e65.appspot.com"
  },
  "client": [
    {
      "client_info": {
        "mobilesdk_app_id": "1:646543561285:android:efe1294c014c715f15892c",
        "android_client_info": {
          "package_name": "io.consurv.HRApp"
        }
      },
      "oauth_client": [
        {
          "client_id": "646543561285-kdnk4r7qt1k408a3rv2o5mlpcekmd45j.apps.googleusercontent.com",
          "client_type": 3
        }
      ],
      "api_key": [
        {
          "current_key": "AIzaSyBjcASWlVtghH4BvYhrq03-pDUIz_dbJug"
        }
      ],
      "services": {
        "appinvite_service": {
          "other_platform_oauth_client": [
            {
              "client_id": "646543561285-kdnk4r7qt1k408a3rv2o5mlpcekmd45j.apps.googleusercontent.com",
              "client_type": 3
            }
          ]
        }
      }
    }
  ],
  "configuration_version": "1"
}